law_number,law_category,official_name,systematic_name,common_name,aliases,effective_date,effective_date_ja,pubchem_cid,inchi_key,smiles,source_link,note,status
,向一種,,,Zipeprol,,,,51091726,,,https://laws.e-gov.go.jp/law/402CO0000000238/,,
,向一種,,,Secobarbital,,,,5193,,,https://laws.e-gov.go.jp/law/402CO0000000238/,,
,向一種,,,Fenethylline,,,,19527,,,https://laws.e-gov.go.jp/law/402CO0000000238/,,
,向一種,,,Phendimetrazine,,,,96025034,,,https://laws.e-gov.go.jp/law/402CO0000000238/,,
,向一種,,,Mecloqualone,,,,47206644,,,https://laws.e-gov.go.jp/law/402CO0000000238/,,
,向一種,,,Methaqualone,,,,7847623,,,https://laws.e-gov.go.jp/law/402CO0000000238/,,
,向一種,,,Methylphenidate,,,,4158,,,https://laws.e-gov.go.jp/law/402CO0000000238/,,
,向一種,,,Modafinil,,,,7848894,,,https://laws.e-gov.go.jp/law/402CO0000000238/,,
,向二種,,,Amobarbital,,,,7847621,,,https://laws.e-gov.go.jp/law/402CO0000000238/,,
,向二種,,,Cathine,,,,441457,,,https://laws.e-gov.go.jp/law/402CO0000000238/,,
,向二種,,,Glutethimide,,,,7847598,,,https://laws.e-gov.go.jp/law/402CO0000000238/,,
,向二種,,,Cyclobarbital,,,,5838,,,https://laws.e-gov.go.jp/law/402CO0000000238/,,
,向二種,,,Butalbital,,,,17397336,,,https://laws.e-gov.go.jp/law/402CO0000000238/,,
,向二種,,,Buprenorphine,,,,40400,,,https://laws.e-gov.go.jp/law/402CO0000000238/,,
,向二種,,,flunitrazepam,,,,3380,,,https://laws.e-gov.go.jp/law/402CO0000000238/,,
,向二種,,,pentazocine,,,,441278,,,https://laws.e-gov.go.jp/law/402CO0000000238/,,
,向二種,,,Pentobarbital,,,,4737,,,https://laws.e-gov.go.jp/law/402CO0000000238/,,
,向三種,,,Aminorex,,,,17397066,,,https://laws.e-gov.go.jp/law/402CO0000000238/,,
,向三種,,,Alprazolam,,,,2118,,,https://laws.e-gov.go.jp/law/402CO0000000238/,,
,向三種,,,Allobarbital,,,,17396975,,,https://laws.e-gov.go.jp/law/402CO0000000238/,,
,向三種,,,Amfepramone,,,,7029,,,https://laws.e-gov.go.jp/law/402CO0000000238/,,
,向三種,,,Ethchlorvynol,,,,7847769,,,https://laws.e-gov.go.jp/law/402CO0000000238/,,
,向三種,,,estazolam,,,,3261,,,https://laws.e-gov.go.jp/law/402CO0000000238/,,
,向三種,,,Ethinamate,,,,7847768,,,https://laws.e-gov.go.jp/law/402CO0000000238/,,
,向三種,,,Ethylamfetamine,,,,51091453,,,https://laws.e-gov.go.jp/law/402CO0000000238/,,
,向三種,,,Oxazepam,,,,7847530,,,https://laws.e-gov.go.jp/law/402CO0000000238/,,
,向三種,,,oxazolam,,,,7848341,,,https://laws.e-gov.go.jp/law/402CO0000000238/,,
,向三種,,,Camazepam,,,,51091652,,,https://laws.e-gov.go.jp/law/402CO0000000238/,,
,向三種,,,Quazepam,,,,4999,,,https://laws.e-gov.go.jp/law/402CO0000000238/,,
,向三種,,,Cloxazolam,,,,2816,,,https://laws.e-gov.go.jp/law/402CO0000000238/,,
,向三種,,,clotiazepam,,,,7848391,,,https://laws.e-gov.go.jp/law/402CO0000000238/,,
,向三種,,,Clonazepam,,,,2802,,,https://laws.e-gov.go.jp/law/402CO0000000238/,,
,向三種,,,clobazam,,,,7848316,,,https://laws.e-gov.go.jp/law/402CO0000000238/,,
,向三種,,,clorazepate,,,,22312,,,https://laws.e-gov.go.jp/law/402CO0000000238/,,
,向三種,,,Chlordiazepoxide,,,,7847333,,,https://laws.e-gov.go.jp/law/402CO0000000238/,,
,向三種,,,Ketazolam,,,,33746,,,https://laws.e-gov.go.jp/law/402CO0000000238/,,
,向三種,,,Diazepam,,,,3016,,,https://laws.e-gov.go.jp/law/402CO0000000238/,,
,向三種,,,Butabarbital,Secbutabarbital,,,17397334,,,https://laws.e-gov.go.jp/law/402CO0000000238/,,
,向三種,,,Zolpidem,,,,96025373,,,https://laws.e-gov.go.jp/law/402CO0000000238/,,
,向三種,,,Tetrazepam,,,,25215,,,https://laws.e-gov.go.jp/law/402CO0000000238/,,
,向三種,,,Temazepam,,,,5391,,,https://laws.e-gov.go.jp/law/402CO0000000238/,,
,向三種,,,Delorazepam,,,,96024482,,,https://laws.e-gov.go.jp/law/402CO0000000238/,,
,向三種,,,Triazolam,,,,5556,,,https://laws.e-gov.go.jp/law/402CO0000000238/,,
,向三種,,,Nitrazepam,,,,7847597,,,https://laws.e-gov.go.jp/law/402CO0000000238/,,
,向三種,,,Nimetazepam,,,,7848656,,,https://laws.e-gov.go.jp/law/402CO0000000238/,,
,向三種,,,Nordazepam,,,,2997,,,https://laws.e-gov.go.jp/law/402CO0000000238/,,
,向三種,,,Halazepam,,,,7847404,,,https://laws.e-gov.go.jp/law/402CO0000000238/,,
,向三種,,,Barbital,,,,7848803,,,https://laws.e-gov.go.jp/law/402CO0000000238/,,
,向三種,,,haloxazolam,,,,3563,,,https://laws.e-gov.go.jp/law/402CO0000000238/,,
,向三種,,,Pinazepam,,,,40391,,,https://laws.e-gov.go.jp/law/402CO0000000238/,,
,向三種,,,Vinylbital,Butylvinal,,,72135,,,https://laws.e-gov.go.jp/law/402CO0000000238/,,
,向三種,,,Pipradrol,,,,10083,,,https://laws.e-gov.go.jp/law/402CO0000000238/,,
,向三種,,,Pyrovalerone,,,,14373,,,https://laws.e-gov.go.jp/law/402CO0000000238/,,
,向三種,,,Phenobarbital,,,,4763,,,https://laws.e-gov.go.jp/law/402CO0000000238/,,
,向三種,,,Fencamfamin,,,,14584,,,https://laws.e-gov.go.jp/law/402CO0000000238/,,
,向三種,,,Phendimetrazine,,,,30487,,,https://laws.e-gov.go.jp/law/402CO0000000238/,,
,向三種,,,Phentermine,,,,4771,,,https://laws.e-gov.go.jp/law/402CO0000000238/,,
,向三種,,,Fenproporex,,,,61810,,,https://laws.e-gov.go.jp/law/402CO0000000238/,,
,向三種,,,Butobarbital,,,,6473,,,https://laws.e-gov.go.jp/law/402CO0000000238/,,
,向三種,,,prazepam,,,,7847536,,,https://laws.e-gov.go.jp/law/402CO0000000238/,,
,向三種,,,Fludiazepam,,,,3369,,,https://laws.e-gov.go.jp/law/402CO0000000238/,,
,向三種,,,flurazepam,,,,7847395,,,https://laws.e-gov.go.jp/law/402CO0000000238/,,
,向三種,,,Brotizolam,,,,2451,,,https://laws.e-gov.go.jp/law/402CO0000000238/,,
,向三種,,,Propylhexedrine,,,,47207299,,,https://laws.e-gov.go.jp/law/402CO0000000238/,,
,向三種,,,Bromazepam,,,,2441,,,https://laws.e-gov.go.jp/law/402CO0000000238/,,
,向三種,,,Pemoline,,,,4723,,,https://laws.e-gov.go.jp/law/402CO0000000238/,,
,向三種,,,Benzfetamine,,,,51091837,,,https://laws.e-gov.go.jp/law/402CO0000000238/,,
,向三種,,,Mazindol,,,,4020,,,https://laws.e-gov.go.jp/law/402CO0000000238/,,
,向三種,,,Midazolam,,,,4192,,,https://laws.e-gov.go.jp/law/402CO0000000238/,,
,向三種,,,Mesocarb,,,,71932,,,https://laws.e-gov.go.jp/law/402CO0000000238/,,
,向三種,,,medazepam,,,,4041,,,https://laws.e-gov.go.jp/law/402CO0000000238/,,
,向三種,,,Methyprylon,,,,7848213,,,https://laws.e-gov.go.jp/law/402CO0000000238/,,
,向三種,,,Methylphenobarbital,Mephobarbital,,,7847765,,,https://laws.e-gov.go.jp/law/402CO0000000238/,,
,向三種,,,Mefenorex,,,,96024587,,,https://laws.e-gov.go.jp/law/402CO0000000238/,,
,麻薬,三―アセトキシ―六―ジメチルアミノ―四・四―ジフェニルヘプタン及びその塩類,"3-acetoxy-6-dimethylamino-4,4-diphenylheptane",acetylmethadol,,,,,,,https://laws.e-gov.go.jp/law/328AC0000000014,,
,麻薬,α―三―アセトキシ―六―ジメチルアミノ―四・四―ジフェニルヘプタン及びその塩類,"α-3-acetoxy-6-dimethylamino-4,4-diphenylheptane",alpha-acetylmethadol,,,,,,,https://laws.e-gov.go.jp/law/328AC0000000014,,
,麻薬,β―三―アセトキシ―六―ジメチルアミノ―四・四―ジフェニルヘプタン及びその塩類,"β-3-acetoxy-6-dimethylamino-4,4-diphenylheptane",beta-acetylmethadol,,,,,,,https://laws.e-gov.go.jp/law/328AC0000000014,,
,麻薬,α―三―アセトキシ―六―メチルアミノ―四・四―ジフェニルヘプタン及びその塩類,"α-3-acetoxy-6-methylamino-4,4-diphenylheptane",noracymethadol,,,,,,,https://laws.e-gov.go.jp/law/328AC0000000014,,
,麻薬,一―〔二―(四―アミノフェニル)エチル〕―四―フェニルピペリジン―四―カルボン酸エチルエステル及びその塩類,1-[2-(4-aminophenyl)ethyl]-4-phenylpiperidine-4-carboxylic acid ethyl ester,anileridine,,,,,,,https://laws.e-gov.go.jp/law/328AC0000000014,,
,麻薬,N―アリルノルモルヒネ、そのエステル及びこれらの塩類,N-allylmorphine,nalorphine,,,,,,,https://laws.e-gov.go.jp/law/328AC0000000014,,
,麻薬,三―アリル―一―メチル―四―フェニル―四―(プロピオニルオキシ)ピペリジン及びその塩類,3-ariru-1-methyl-4-phenyl-4-(propionyloxy)piperidine,allylprodine,,,,,,,https://laws.e-gov.go.jp/law/328AC0000000014,,
,麻薬,エクゴニン及びその塩類,ecgonine,,,,,,,,https://laws.e-gov.go.jp/law/328AC0000000014,,
,麻薬,三―(N―エチル―N―メチルアミノ)―一・一―ジ―(二―チエニル)―一―ブテン及びその塩類,"3-(N-ethyl-N-methylamino)-1,1-ji-(2-thienyl)-1-butene",ethylmethylthiambutene,,,,,,,https://laws.e-gov.go.jp/law/328AC0000000014,,
,麻薬,α―三―エチル―一―メチル―四―フェニル―四―(プロピオニルオキシ)ピペリジン及びその塩類,α-3-ethyl-1-methyl-4-phenyl-4-(propionyloxy)piperidine,alpha-meprodine,,,,,,,https://laws.e-gov.go.jp/law/328AC0000000014,,
,麻薬,β―三―エチル―一―メチル―四―フェニル―四―(プロピオニルオキシ)ピペリジン及びその塩類,β-3-ethyl-1-methyl-4-phenyl-4-(propionyloxy)piperidine,beta-meprodine,,,,,,,https://laws.e-gov.go.jp/law/328AC0000000014,,
,麻薬,二―(四―クロロベンジル)―一―(ジエチルアミノ)エチル―五―ニトロベンズイミダゾール及びその塩類,2-(4-chlorobenzyl)-1-(diethylamino)ethyl-5-nitrobenzimidazole,clonitazene,,,,,,,https://laws.e-gov.go.jp/law/328AC0000000014,,
,麻薬,コカインその他エクゴニンのエステル及びその塩類,cocaineecgonine esters,,,,,,,,https://laws.e-gov.go.jp/law/328AC0000000014,,
,麻薬,コデイン、エチルモルヒネその他モルヒネのエーテル及びその塩類,codeine、ethylmorphinemorphineethers,,,,,,,,https://laws.e-gov.go.jp/law/328AC0000000014,,
,麻薬,ジアセチルモルヒネその他モルヒネのエステル及びその塩類,diacetylmorphinemorphineesters,heroin,,,,,,,https://laws.e-gov.go.jp/law/328AC0000000014,,
,麻薬,一―(三―シアノ―三・三―ジフェニルプロピル)―四―フェニルピペリジン―四―カルボン酸エチルエステル及びその塩類,"1-(3-cyano-3,3-diphenylpuropiru)-4-phenylpiperidine-4-carboxylic acid ethyl ester",diphenoxylate,,,,,,,https://laws.e-gov.go.jp/law/328AC0000000014,,
,麻薬,四―シアノ―二―ジメチルアミノ―四・四―ジフェニルブタン及びその塩類,"4-cyano-2-dimethylamino-4,4-diphenylbutane",methadone intermediate,,,,,,,https://laws.e-gov.go.jp/law/328AC0000000014,,
,麻薬,四―シアノ―一―メチル―四―フェニルピペリジン及びその塩類,4-cyano-1-methyl-4-phenylpiperidine,pethidine intermediate A,,,,,,,https://laws.e-gov.go.jp/law/328AC0000000014,,
,麻薬,一―(ジエチルアミノ)エチル―二―(四―エトキシベンジル)―五―ニトロベンズイミダゾール及びその塩類,1-(diethylamino)ethyl-2-(4-ethoxybenzyl)-5-nitrobenzimidazole,etonitazene,,,,,,,https://laws.e-gov.go.jp/law/328AC0000000014,,
,麻薬,三―ジエチルアミノ―一・一―ジ―(二―チエニル)―一―ブテン及びその塩類,"3-diethylamino-1,1-ji-(2-thienyl)-1-butene",diethylthiambutene,,,,,,,https://laws.e-gov.go.jp/law/328AC0000000014,,
,麻薬,ジヒドロコデイノン、そのエステル及びこれらの塩類,"4,5α-epoxy-3-methoxy-17-methylmorphinan-6-one",hydrocodone,,,,,,,https://laws.e-gov.go.jp/law/328AC0000000014,,
,麻薬,ジヒドロコデイン、そのエステル及びこれらの塩類,"4,5α-epoxy-3-methoxy-17-methylmorphinan-6α-ol",dihydrocodeine,,,,,,,https://laws.e-gov.go.jp/law/328AC0000000014,,
,麻薬,ジヒドロデオキシモルヒネ、そのエステル及びこれらの塩類,"4,5α-Epoxy-17-methylmorphinan-3-ol",desomorphine,,,,,,,https://laws.e-gov.go.jp/law/328AC0000000014,,
,麻薬,ジヒドロヒドロキシコデイノン、そのエステル及びこれらの塩類,"(5R,9R,13S,14S)-4,5α-Epoxy-14-hydroxy-3-methoxy-17-methylmorphinan-6-one",oxycodone,,,,,,,https://laws.e-gov.go.jp/law/328AC0000000014,,
,麻薬,ジヒドロヒドロキシモルヒノン及びその塩類,"4,5α-Epoxy-3,14-dihydroxy-17-methylmorphinan-6-one",oxymorphone,,,,,,,https://laws.e-gov.go.jp/law/328AC0000000014,,
,麻薬,ジヒドロモルヒネ、そのエステル及びこれらの塩類,"3,6-dihydroxy-(5α,6α)-4,5-epoxy-17-methylmorphinan",dihydromorphine,,,,,,,https://laws.e-gov.go.jp/law/328AC0000000014,,
,麻薬,ジヒドロモルヒノン、そのエステル及びこれらの塩類,"4,5-α-Epoxy-3-hydroxy-17-methyl morphinan-6-one",hydromorphone,,,,,,,https://laws.e-gov.go.jp/law/328AC0000000014,,
,麻薬,四・四―ジフェニル―六―ピペリジノ―三―ヘプタノン及びその塩類,"4,4-diphenyl-6-piperijino-3-heptanone",dipipanone,,,,,,,https://laws.e-gov.go.jp/law/328AC0000000014,,
,麻薬,(二―ジメチルアミノ)エチル 一―エトキシ―一・一―ジフェニルアセテート及びその塩類,"(2-dimethylamino)ethyl 1-ethoxy-1,1-diphenylaseteeto",dimenoxadol,,,,,,,https://laws.e-gov.go.jp/law/328AC0000000014,,
,麻薬,三―ジメチルアミノ―一・一―ジ―(二―チエニル)―一―ブテン及びその塩類,"3-dimethylamino-1,1-ji-(2-thienyl)-1-butene",dimethylthiambutene,,,,,,,https://laws.e-gov.go.jp/law/328AC0000000014,,
,麻薬,六―ジメチルアミノ―四・四―ジフェニル―三―ヘキサノン及びその塩類,"6-dimethylamino-4,4-diphenyl-3-hexanone",normethadone,,,,,,,https://laws.e-gov.go.jp/law/328AC0000000014,,
,麻薬,六―ジメチルアミノ―四・四―ジフェニル―三―ヘプタノール及びその塩類,"6-dimethylamino-4,4-diphenyl-3-heptanol",dimepheptanol,,,,,,,https://laws.e-gov.go.jp/law/328AC0000000014,,
,麻薬,α―六―ジメチルアミノ―四・四―ジフェニル―三―ヘプタノール及びその塩類,"α-6-dimethylamino-4,4-diphenyl-3-heptanol",alpha-methadol,,,,,,,https://laws.e-gov.go.jp/law/328AC0000000014,,
,麻薬,β―六―ジメチルアミノ―四・四―ジフェニル―三―ヘプタノール及びその塩類,"β-6-dimethylamino-4,4-diphenyl-3-heptanol",beta-methadol,,,,,,,https://laws.e-gov.go.jp/law/328AC0000000014,,
,麻薬,六―ジメチルアミノ―四・四―ジフェニル―三―ヘプタノン及びその塩類,"6-dimethylamino-4,4-diphenyl-3-heptanone",methadone,,,,,,,https://laws.e-gov.go.jp/law/328AC0000000014,,
,麻薬,四―ジメチルアミノ―三―メチル―一・二―ジフェニル―二―(プロピオニルオキシ)ブタン及びその塩類,"4-dimethylamino-3-methyl-1,2-diphenyl-2-(propionyloxy)butane",propoxyphene,,,,,,,https://laws.e-gov.go.jp/law/328AC0000000014,,
,麻薬,六―ジメチルアミノ―五―メチル―四・四―ジフェニル―三―ヘキサノン及びその塩類,"6-dimethylamino-5-methyl-4,4-diphenyl-3-hexanone",isomethadone,,,,,,,https://laws.e-gov.go.jp/law/328AC0000000014,,
,麻薬,一・三―ジメチル―四―フェニル―四―(プロピオニルオキシ)アザシクロヘプタン及びその塩類,"1,3-jimethyl-4-phenyl-4-(propionyloxy)azashikuroheptane",proheptazine,,,,,,,https://laws.e-gov.go.jp/law/328AC0000000014,,
,麻薬,α―一・三―ジメチル―四―フェニル―四―(プロピオニルオキシ)ピペリジン及びその塩類,"α-1,3-jimethyl-4-phenyl-4-(propionyloxy)piperidine",alpha-prodine,,,,,,,https://laws.e-gov.go.jp/law/328AC0000000014,,
,麻薬,β―一・三―ジメチル―四―フェニル―四―(プロピオニルオキシ)ピペリジン及びその塩類,"β-1,3-jimethyl-4-phenyl-4-(propionyloxy)piperidine",beta-prodine,,,,,,,https://laws.e-gov.go.jp/law/328AC0000000014,,
,麻薬,六a・七・八・十a―テトラヒドロ―六・六・九―トリメチル―三―ペンチル―六H―ジベンゾ〔b・d〕ピラン―一―オール及びその塩類,"a,7,8,a-tetorahidoro-6,6,9-torimethyl-3-penchiru-H-jibenzo[b,d]piran-1-ol",delta-9-tetrahydrocannabinol,,,,,,,https://laws.e-gov.go.jp/law/328AC0000000014,,
,麻薬,六a・七・十・十a―テトラヒドロ―六・六・九―トリメチル―三―ペンチル―六H―ジベンゾ〔b・d〕ピラン―一―オール及びその塩類,"a,7,10,a-tetorahidoro-6,6,9-torimethyl-3-penchiru-H-jibenzo[b,d]piran-1-ol",delta-8-tetrahydrocannabinol,,,,,,,https://laws.e-gov.go.jp/law/328AC0000000014,,
,麻薬,テバイン及びその塩類,thebaine,,,,,,,,https://laws.e-gov.go.jp/law/328AC0000000014,,
,麻薬,一・二・五―トリメチル―四―フェニル―四―(プロピオニルオキシ)ピペリジン及びその塩類,"1,2,5-torimethyl-4-phenyl-4-(propionyloxy)piperidine",trimeperidine,,,,,,,https://laws.e-gov.go.jp/law/328AC0000000014,,
,麻薬,六―ニコチニルコデイン及びその塩類,6-nicotinylcodeine,nicocodine,,,,,,,https://laws.e-gov.go.jp/law/328AC0000000014,,
,麻薬,ノルモルヒネ、そのエーテル及びこれらの塩類,"(4R,4aR,7S,7aR,12bS)-3,7,7a-trimethyl-2,4,4a,13-tetrahydro-1H-4,12-methanobenzofuro[3,2-e]isoquinoline-7,9-diol",demethylmorphine,,,,,,,https://laws.e-gov.go.jp/law/328AC0000000014,,
,麻薬,一―〔二―(二―ヒドロキシエトキシ)エチル〕―四―フェニルピペリジン―四―カルボン酸エチルエステル及びその塩類,1-[2-(2-hydroxyethoxy)ethyl]-4-phenylpiperidine-4-carboxylic acid ethyl ester,ethoxeridine,,,,,,,https://laws.e-gov.go.jp/law/328AC0000000014,,
,麻薬,十四―ヒドロキシジヒドロモルヒネ及びその塩類,14-hydroxyjihidoromorphine,hydromorphinol,,,,,,,https://laws.e-gov.go.jp/law/328AC0000000014,,
,麻薬,三―ヒドロキシ―N―フェナシルモルヒナン(右旋性のものを除く。)及びその塩類,3-hydroxy-N-phenacylmorphinan(excluding the dextrorotatory isomer),,,,,,,,https://laws.e-gov.go.jp/law/328AC0000000014,,
,麻薬,一―(三―ヒドロキシ―三―フェニルプロピル)―四―フェニルピペリジン―四―カルボン酸エチルエステル及びその塩類,1-(3-hydroxy-3-phenylpuropiru)-4-phenylpiperidine-4-carboxylic acid ethyl ester,fenoperijin,,,,,,,https://laws.e-gov.go.jp/law/328AC0000000014,,
,麻薬,四―(三―ヒドロキシフェニル)―一―メチル―四―ピペリジルエチルケトン及びその塩類,4-(3-hydroxyphenyl)-1-methyl-4-piperidylethylketon,ketobemidone,,,,,,,https://laws.e-gov.go.jp/law/328AC0000000014,,
,麻薬,四―(三―ヒドロキシフェニル)―一―メチルピペリジン―四―カルボン酸エチルエステル及びその塩類,4-(3-hydroxyphenyl)-1-methylpiperidine-4-carboxylic acid ethyl ester,hydroxypethidine,,,,,,,https://laws.e-gov.go.jp/law/328AC0000000014,,
,麻薬,三―ヒドロキシ―N―フェネチルモルヒナン及びその塩類,3-hydroxy-N-phenethylmorphinan,phenomorphan,,,,,,,https://laws.e-gov.go.jp/law/328AC0000000014,,
,麻薬,三―ヒドロキシ―N―メチルモルヒナン(右旋性のものを除く。)及びその塩類,3-hydroxy-N-methylmorphinan(excluding the dextrorotatory isomer),,,,,,,,https://laws.e-gov.go.jp/law/328AC0000000014,,
,麻薬,三―ヒドロキシモルヒナン(右旋性のものを除く。)及びその塩類,3-hydroxymorphinan(excluding the dextrorotatory isomer),,,,,,,,https://laws.e-gov.go.jp/law/328AC0000000014,,
,麻薬,四―フェニル―一―〔二―(テトラヒドロフルフリルオキシ)エチル〕ピペリジン―四―カルボン酸エチルエステル及びその塩類,ethyl 1-[2-(oxolan-2-ylmethoxy)ethyl]-4-phenylpiperidine-4-carboxylate,furethidine,,,,,,,https://laws.e-gov.go.jp/law/328AC0000000014,,
,麻薬,四―フェニルピペリジン―四―カルボン酸エチルエステル及びその塩類,4-phenylpiperidine-4-carboxylic acid ethyl ester,pethidine intermediate B,,,,,,,https://laws.e-gov.go.jp/law/328AC0000000014,,
,麻薬,四―フェニル―一―(三―フェニルアミノプロピル)ピペリジン―四―カルボン酸エチルエステル及びその塩類,4-phenyl-1-(3-phenylaminopuropiru)piperidine-4-carboxylic acid ethyl ester,piminodine,,,,"	61306",,,https://laws.e-gov.go.jp/law/328AC0000000014,,
,麻薬,一・二・三・四・五・六―ヘキサヒドロ―八―ヒドロキシ―六・十一―ジメチル―三―フェネチル―二・六―メタノ―三―ベンザゾシン及びその塩類,"1,13-dimethyl-10-(2-phenylethyl)-10-azatricyclo[7.3.1.02,7]trideca-2(7),3,5-trien-4-ol",phenazocine,,,,14707,,,https://laws.e-gov.go.jp/law/328AC0000000014,,
,麻薬,一・二・三・四・五・六―ヘキサヒドロ―八―ヒドロキシ―三・六・十一―トリメチル―二・六―メタノ―三―ベンザゾシン及びその塩類,"(1R,9R,13R)-1,10,13-trimethyl-10-azatricyclo[7.3.1.02,7]trideca-2(7),3,5-trien-4-ol",metazocine,,,,443404,,,https://laws.e-gov.go.jp/law/328AC0000000014,,
,麻薬,一―〔二―(ベンジルオキシ)エチル〕―四―フェニルピペリジン―四―カルボン酸エチルエステル及びその塩類,1-[2-(benzyloxyi)ethyl]-4-phenylpiperidine-4-carboxylic acid ethyl ester,benzethidine,,,,,,,https://laws.e-gov.go.jp/law/328AC0000000014,,
,麻薬,六―メチルジヒドロモルヒネ及びその塩類,6-methyl-dhydromorphine,Methyldihydromorphine,,,,,,,https://laws.e-gov.go.jp/law/328AC0000000014,,
,麻薬,メチルジヒドロモルヒノン、そのエステル及びこれらの塩類,"(4R,4aR,7aR,12bS)-9-hydroxy-3,7a-dimethyl-2,4,4a,5,6,13-hexahydro-1H-4,12-methanobenzofuro[3,2-e]isoquinolin-7-one",Metopon,,,,5359353,,,https://laws.e-gov.go.jp/law/328AC0000000014,,
,麻薬,六―メチル――六―デオキシモルヒネ及びその塩類,"(4R,4aR,7aR,12bS)-9-hydroxy-3,7a-dimethyl-2,4,4a,5,6,13-hexahydro-1H-4,12-methanobenzofuro[3,2-e]isoquinolin-7-one",methyldesorphine,,,,,,,https://laws.e-gov.go.jp/law/328AC0000000014,,
,麻薬,N―(一―メチル―二―ピペリジノエチル)プロピオンアニリド及びその塩類,N-phenyl-N-(1-piperidin-1-ylpropan-2-yl)propanamide,phenampromide,,,,8523,,,https://laws.e-gov.go.jp/law/328AC0000000014,,
,麻薬,一―メチル―四―フェニルピペリジン―四―カルボン酸エステル及びその塩類,1-methyl-4-phenylpiperidine-4-carboxylic acidesters,,,,,,,,https://laws.e-gov.go.jp/law/328AC0000000014,,
,麻薬,N―〔二―(メチルフェネチルアミノ)プロピル〕プロピオンアニリド及びその塩類,N-[2-(methylphenethylamino)puropiru]propioneaniride,dianpromide,,,,,,,https://laws.e-gov.go.jp/law/328AC0000000014,,
,麻薬,〔(三―メチル―四―モルフォリノ―二・二―ジフェニル)ブチリル〕ピロリジン及びその塩類,"[(3-methyl-4-morpholino-2,2-diphenyl)buchiriru]pyrrolidine",,,,,,,,https://laws.e-gov.go.jp/law/328AC0000000014,,
,麻薬,三―メチル―四―モルフォリノ―二・二―ジフェニル酪酸及びその塩類,"3-methyl-4-morpholino-2,2-diphenyl",moramido,,,,,,,https://laws.e-gov.go.jp/law/328AC0000000014,,
,麻薬,三―メトキシ―N―メチルモルヒナン(右旋性のものを除く。)及びその塩類,3-methoxy-N-methylmorphinan(excluding the dextrorotatory isomer),,,,,,,,https://laws.e-gov.go.jp/law/328AC0000000014,,
,麻薬,モルヒネ及びその塩類,morphine,,,,,,,,https://laws.e-gov.go.jp/law/328AC0000000014,,
,麻薬,モルヒネ―N―オキシドその他五価窒素モルヒネ及びその誘導体,morphine-N-okishidomorphine,,,,,,,,https://laws.e-gov.go.jp/law/328AC0000000014,,
,麻薬,一―(二―モルフォリノエチル)―四―フェニルピペリジン―四―カルボン酸エチルエステル及びその塩類,1-(2-morpholinoethyl)-4-phenylpiperidine-4-carboxylic acid ethyl ester,morferidine,,,,,,,https://laws.e-gov.go.jp/law/328AC0000000014,,
,麻薬,六―モルフォリノ―四・四―ジフェニル―三―ヘプタノン及びその塩類,"6-morpholino-4,4-diphenyl-3-heptanone",phenadoxone,,,,,,,https://laws.e-gov.go.jp/law/328AC0000000014,,
,麻薬,四―モルフォリノ―二・二―ジフェニル酪酸エチルエステル及びその塩類,"4-morpholino-2,2-diphenylethyl ester",dioxaphetyl butyrate,,,,,,,https://laws.e-gov.go.jp/law/328AC0000000014,,
,麻薬,三―O―アセチル―七・八―ジヒドロ―七α―〔一(R)―ヒドロキシ―一―メチルブチル〕―六―O―メチル―六・十四―エンド―エテノモルヒネ(別名アセトルフィン)及びその塩類,"3-O-acetyl-7,8-dihydro-7α-[1(R)-hydroxy-1-methylbutyl]-6-O-methyl-6,14-endo-ethenomorphine",acetorphine,,,,,,,https://laws.e-gov.go.jp/law/402CO0000000238/,,
,麻薬,N―(アダマンタン―一―イル)―一―(五―フルオロペンチル)―一H―インダゾール―三―カルボキサミド及びその塩類,N-(adamantane-1-yl)-1-(5-fluoropentyl)-1H-indazole-3-carboxamide,,,,,,,,https://laws.e-gov.go.jp/law/402CO0000000238/,,
,麻薬,N―(一―アミノ―三・三―ジメチル―一―オキソブタン―二―イル)―一―(シクロヘキシルメチル)―一H―インダゾール―三―カルボキサミド及びその塩類,"N-(1-amino-3,3-dimethyl-1-oxobutane-2-yl)-1-(cyclohexylmethyl)-1H-indazole-3-carboxamide",,,,,,,,https://laws.e-gov.go.jp/law/402CO0000000238/,,
,麻薬,N―(一―アミノ―三・三―ジメチル―一―オキソブタン―二―イル)―一―ブチル―一H―インダゾール―三―カルボキサミド及びその塩類,"N-(1-amino-3,3-dimethyl-1-oxobutane-2-yl)-1-butyl-1H-indazole-3-carboxamide",,,,,,,,https://laws.e-gov.go.jp/law/402CO0000000238/,,
,麻薬,N―(一―アミノ―三・三―ジメチル―一―オキソブタン―二―イル)―一―(四―フルオロベンジル)―一H―インダゾール―三―カルボキサミド及びその塩類,"N-(1-amino-3,3-dimethyl-1-oxobutane-2-yl)-1-(4-fluorobenzyl)-1H-indazole-3-carboxamide",,,,,,,,https://laws.e-gov.go.jp/law/402CO0000000238/,,
,麻薬,三―(二―アミノブチル)インドール(別名エトリプタミン)及びその塩類,3-(2-aminobutyl)indole,etryptamine,,,,,,,https://laws.e-gov.go.jp/law/402CO0000000238/,,
,麻薬,二―アミノプロピオフェノン及びその塩類,2-aminopropiophenone,,,,,,,,https://laws.e-gov.go.jp/law/402CO0000000238/,,
,麻薬,三―(二―アミノプロピル)インドール及びその塩類,3-(2-aminopropyl)indole ,,,,,,,,https://laws.e-gov.go.jp/law/402CO0000000238/,,
,麻薬,N―(一―アミノ―三―メチル―一―オキソブタン―二―イル)―一―(シクロヘキシルメチル)―一H―インダゾール―三―カルボキサミド及びその塩類,N-(1-amino-3-methyl-1-oxobutane-2-yl)-1-(cyclohexylmethyl)-1H-indazole-3-carboxamide ,,,,,,,,https://laws.e-gov.go.jp/law/402CO0000000238/,,
,麻薬,N―(一―アミノ―三―メチル―一―オキソブタン―二―イル)―一―(四―フルオロベンジル)―一H―インダゾール―三―カルボキサミド及びその塩類,N-(1-amino-3-methyl-1-oxobutane-2-yl)-1-(4-fluorobenzyl)-1H-indazole-3-carboxamide ,,,,,,,,https://laws.e-gov.go.jp/law/402CO0000000238/,,
,麻薬,N―(一―アミノ―三―メチル―一―オキソブタン―二―イル)―一―ペンチル―一H―インダゾール―三―カルボキサミド及びその塩類,N-(1-amino-3-methyl-1-oxobutane-2-yl)-1-pentyl-1H-indazole-3-carboxamide ,,,,,,,,https://laws.e-gov.go.jp/law/402CO0000000238/,,
,麻薬,一―(エチルアミノ)エチル―二―(四―イソプロポキシベンジル)―五―ニトロベンズイミダゾール及びその塩類,1-(ethylamino)ethyl-2-(4-isopropoxybenzyl)-5-nitrobenzimidazole ,,,,,,,,https://laws.e-gov.go.jp/law/402CO0000000238/,,
,麻薬,二―エチルアミノ―一―フェニルプロパン―一―オン及びその塩類,2-ethylamino-1-phenylpropane-1-one ,,,,,,,,https://laws.e-gov.go.jp/law/402CO0000000238/,,
,麻薬,二―(エチルアミノ)―一―フェニルヘキサン―一―オン(別名N―エチルヘキセドロン)及びその塩類,2-(ethylamino)-1-phenylhexane-1-one,N―エチルヘキセドロン,,,,,,,https://laws.e-gov.go.jp/law/402CO0000000238/,,
,麻薬,二―(エチルアミノ)―一―(四―メチルフェニル)プロパン―一―オン及びその塩類,2-(ethylamino)-1-(4-methylphenyl)propane-1-one,,,,,,,,https://laws.e-gov.go.jp/law/402CO0000000238/,,
,麻薬,二―エチルアミノ―一―(三・四―メチレンジオキシフェニル)ブタン―一―オン及びその塩類,"2-ethylamino-1-(3,4-methylenedioxyphenyl)butane-1-one",,,,,,,,https://laws.e-gov.go.jp/law/402CO0000000238/,,
,麻薬,二―エチルアミノ―一―(三・四―メチレンジオキシフェニル)プロパン―一―オン及びその塩類,"2-ethylamino-1-(3,4-methylenedioxyphenyl)propane-1-one",,,,,,,,https://laws.e-gov.go.jp/law/402CO0000000238/,,
,麻薬,二―エチルアミノ―一―(三・四―メチレンジオキシフェニル)ペンタン―一―オン及びその塩類,"2-ethylamino-1-(3,4-methylenedioxyphenyl)pentane-1-one",,,,,,,,https://laws.e-gov.go.jp/law/402CO0000000238/,,
,麻薬,二―(エチルアミノ)―二―(三―メトキシフェニル)シクロヘキサノン及びその塩類,2-(ethylamino)-2-(3-methoxyphenyl)cyclohexanone,,,,,,,,https://laws.e-gov.go.jp/law/402CO0000000238/,,
,麻薬,N―〔一―〔二―(四―エチル―五―オキソ―二―テトラゾリン―一―イル)エチル〕―四―(メトキシメチル)―四―ピペリジル〕プロピオンアニリド(別名アルフェンタニル)及びその塩類,N-[1-[2-(4-ethyl-5-oxo-2-tetrazolin-1-yl)ethyl]-4-(methoxymethyl)-4-piperidyl]propionanilide,alfentanil,,,,,,,https://laws.e-gov.go.jp/law/402CO0000000238/,,
,麻薬,四―エチル―二・五―ジメトキシ―α―メチルフェネチルアミン(別名DOET)及びその塩類,"4-ethyl-2,5-dimethoxy-α-methylphenethylamine",DOET,,,,,,,https://laws.e-gov.go.jp/law/402CO0000000238/,,
,麻薬,二―(四―エチルスルファニル―二・五―ジメトキシフェニル)エタンアミン及びその塩類,"2-(4-ethylsulfanyl-2,5-dimethoxyphenyl)ethanamine",,,,,,,,https://laws.e-gov.go.jp/law/402CO0000000238/,,
,麻薬,N―エチル―一―フェニルシクロヘキシルアミン(別名エチシクリジン)及びその塩類,N-ethyl-1-phenylcyclohexylamine,エチシクリジン,,,,,,,https://laws.e-gov.go.jp/law/402CO0000000238/,,
,麻薬,N―エチル―α―メチル―三・四―(メチレンジオキシ)フェネチルアミン(別名N―エチルMDA)及びその塩類,"N-ethyl-α-methyl-3,4-(methylenedioxy)phenethylamine",N―エチルMDA,,,,,,,https://laws.e-gov.go.jp/law/402CO0000000238/,,
,麻薬,二―(四―エトキシベンジル)―五―ニトロ―一―[二―(ピペリジン―一―イル)エチル]ベンズイミダゾール及びその塩類,2-(4-ethoxybenzyl)-5-nitro-1-[2-(piperidine-1-yl)ethyl]benzimidazole,,,,,,,,https://laws.e-gov.go.jp/law/402CO0000000238/,,
,麻薬,二―(四―エトキシベンジル)―五―ニトロ―一―[二―(ピロリジン―一―イル)エチル]ベンズイミダゾール及びその塩類,2-(4-ethoxybenzyl)-5-nitro-1-[2-(pyrrolidine-1-yl)ethyl]benzimidazole,,,,,,,,https://laws.e-gov.go.jp/law/402CO0000000238/,,
,麻薬,(五R)―四・五―エポキシ―六―メトキシ―十七―メチル―六・七・八・十四―テトラデヒドロモルヒナン―三―オール(別名オリパビン)及びその塩類,"(5R)-4,5-epoxy-6-methoxy-17-methyl-6,7,8,14-tetradehydromorphinan-3-ol",オリパビン,,,,,,,https://laws.e-gov.go.jp/law/402CO0000000238/,,
,麻薬,キノリン―八―イル=一―(五―フルオロペンチル)―一H―インドール―三―カルボキシラート及びその塩類,quinolin-8-yl=1-(5-fluoropentyl)-1H-indole-3-carboxylate,,,,,,,,https://laws.e-gov.go.jp/law/402CO0000000238/,,
,麻薬,一―(四―クロロ―二・五―ジメトキシフェニル)プロパン―二―アミン及びその塩類,"1-(4-chloro-2,5-dimethoxyphenyl)propane-2-amine",,,,,,,,https://laws.e-gov.go.jp/law/402CO0000000238/,,
,麻薬,二―(四―クロロ―二・五―ジメトキシフェニル)―N―(二―メトキシベンジル)エタンアミン及びその塩類,"2-(4-chloro-2,5-dimethoxyphenyl)-N-(2-methoxybenzyl)ethanamine",,,,,,,,https://laws.e-gov.go.jp/law/402CO0000000238/,,
,麻薬,一―(三―クロロフェニル)ピペラジン及びその塩類,1-(3-chlorophenyl)piperazine,,,,,,,,https://laws.e-gov.go.jp/law/402CO0000000238/,,
,麻薬,二―(二―クロロフェニル)―二―(メチルアミノ)シクロヘキサノン(別名ケタミン)及びその塩類,2-(2-chlorophenyl)-2-(methylamino)cyclohexanone,ketamine,,,,,,,https://laws.e-gov.go.jp/law/402CO0000000238/,,
,麻薬,一―(三―クロロフェニル)―二―(メチルアミノ)プロパン―一―オン及びその塩類,1-(3-chlorophenyl)-2-(methylamino)propane-1-one,,,,,,,,https://laws.e-gov.go.jp/law/402CO0000000238/,,
,麻薬,一―(四―クロロフェニル)―二―(メチルアミノ)プロパン―一―オン(別名四―CMC)及びその塩類,1-(4-chlorophenyl)-2-(methylamino)propane-1-one,4-CMC,,,,,,,https://laws.e-gov.go.jp/law/402CO0000000238/,,
,麻薬,一―(三―シアノ―三・三―ジフェニルプロピル)―四―(二―オキソ―三―プロピオニル―一―ベンズイミダゾリニル)ピペリジン(別名ベジトラミド)及びその塩類,"1-(3-cyano-3,3-diphenylpropyl)-4-(2-oxo-3-propionyl-1-benzimidazonyl)piperidine",bezitramide,,,,,,,https://laws.e-gov.go.jp/law/402CO0000000238/,,
,麻薬,一―(三―シアノ―三・三―ジフェニルプロピル)―四―(一―ピペリジノ)ピペリジン―四―カルボン酸アミド(別名ピリトラミド)及びその塩類,"1-(3-cyano-3,3-diphenylpropyl)-4-(1-pyperidino)piperidine-4-carboxylic acid amide",piritramide,,,,,,,https://laws.e-gov.go.jp/law/402CO0000000238/,,
,麻薬,一―(三―シアノ―三・三―ジフェニルプロピル)―四―フェニルピペリジン―四―カルボン酸(別名ジフェノキシン)及びその塩類,"1-(3-cyano-3,3-diphenylpropyl)-4-phenylpiperidine-4-carboxylic acid",difenoxin,,,,,,,https://laws.e-gov.go.jp/law/402CO0000000238/,,
,麻薬,一―(四―シアノブチル)―N―(二―フェニルプロパン―二―イル)―一H―インダゾール―三―カルボキサミド及びその塩類,1-(4-cyanobutyl)-N-(2-phenylpropane-2-yl)-1H-indazole-3-carboxamide,,,,,,,,https://laws.e-gov.go.jp/law/402CO0000000238/,,
,麻薬,N・N―ジアリル―五―メトキシトリプタミン及びその塩類,"N,N-diallyl-5-methoxy-tryptamine",,,,,,,,https://laws.e-gov.go.jp/law/402CO0000000238/,,
,麻薬,三―[二―(ジイソプロピルアミノ)エチル]―五―メトキシインドール及びその塩類,3-[2-(diisopropylamino)ethyl]-5-methoxyindole,,,,,,,,https://laws.e-gov.go.jp/law/402CO0000000238/,,
,麻薬,一―(ジエチルアミノ)エチル―二―(四―イソプロポキシベンジル)―五―ニトロベンズイミダゾール及びその塩類,1-(diethylamino)ethyl-2-(4-isopropoxybenzyl)-5-nitrobenzimidazole,,,,,,,,https://laws.e-gov.go.jp/law/402CO0000000238/,,
,麻薬,三―〔二―(ジエチルアミノ)エチル〕インドール(別名DET)及びその塩類,3-[2-(diethylamino)ethyl]indole,DET,,,,,,,https://laws.e-gov.go.jp/law/402CO0000000238/,,
,麻薬,一―(二―ジエチルアミノ)エチル―二―(四―エトキシベンジル)ベンズイミダゾール及びその塩類,1-(2-diethylamino)ethyl-2-(4-ethoxybenzyl)benzimidazole,,,,,,,,https://laws.e-gov.go.jp/law/402CO0000000238/,,
,麻薬,一―(二―ジエチルアミノ)エチル―五―ニトロ―二―(四―プロポキシベンジル)ベンズイミダゾール及びその塩類,1-(2-diethylamino)ethyl-5-nitro-2-(4-propoxybenzyl)benzimidazole,,,,,,,,https://laws.e-gov.go.jp/law/402CO0000000238/,,
,麻薬,一―(ジエチルアミノ)エチル―二―(四―メトキシベンジル)―五―ニトロベンズイミダゾール及びその塩類,1-(diethylamino)ethyl-2-(4-methoxybenzyl)-5-nitrobenzimidazole,,,,,,,,https://laws.e-gov.go.jp/law/402CO0000000238/,,
,麻薬,一―シクロヘキシル―四―(一・二―ジフェニルエチル)ピペラジン及びその塩類,"1-cyclohexyl-4-(1,2-diphenylethyl)piperazine",,,,,,,,https://laws.e-gov.go.jp/law/402CO0000000238/,,
,麻薬,三・四―ジクロロ―N―{[一―(ジメチルアミノ)シクロヘキシル]メチル}ベンズアミド及びその塩類,"3,4-dichloro-N-{[1-(dimethylamino)cyclohexyl]methyl}benzamide",,,,,,,,https://laws.e-gov.go.jp/law/402CO0000000238/,,
,麻薬,三・四―ジクロロ―N―[二―(ジメチルアミノ)シクロヘキシル]―N―メチルベンズアミド及びその塩類,"3,4-dichloro-N-[2-(dimethylamino)cyclohexyl]-N-methylbenzamide",,,,,,,,https://laws.e-gov.go.jp/law/402CO0000000238/,,
,麻薬,シス―二―アミノ―四―メチル―五―フェニル―二―オキサゾリン(別名四―メチルアミノレクス)及びその塩類,cis-2-amino-4-methyl-5-phenyl-2-oxazoline,四―メチルアミノレクス,,,,,,,https://laws.e-gov.go.jp/law/402CO0000000238/,,
,麻薬,ジヒドロコデイノン―六―(カルボキシメチル)オキシム(別名コドキシム)及びその塩類,dihydrocodeinone-6-(carboxymethyl)oxime,コドキシム,,,,,,,https://laws.e-gov.go.jp/law/402CO0000000238/,,
,麻薬,七―[(十・十一―ジヒドロ―五H―ジベンゾ[a・d]シクロヘプテン―五―イル)アミノ]ヘプタン酸(別名アミネプチン)及びその塩類,"7-[(10,11-dihydro-5H-dibenzo[a,d]cycloheptene-5-yl)amino]heptanoic acid",アミネプチン,,,,,,,https://laws.e-gov.go.jp/law/402CO0000000238/,,
,麻薬,七・八―ジヒドロ―七―α―[一―(R)―ヒドロキシ―一―メチルブチル]―六・十四―エンド―エタノテトラヒドロオリパビン(別名ジヒドロエトルフィン)及びその塩類,"7,8-dihydro-7-α-[1-(R)-hydroxy-1-methylbutyl]-6,14-endo-ethanotetrahydrooripavine",ジヒドロエトルフィン,,,,,,,https://laws.e-gov.go.jp/law/402CO0000000238/,,
,麻薬,七・八―ジヒドロ―七α―〔一(R)―ヒドロキシ―一―メチルブチル〕―六―O―メチル―六・十四―エンド―エテノモルヒネ(別名エトルフィン)及びその塩類,"7,8-dihydro-7α-[1(R)-hydroxy-1-methylbutyl]-6-O-methyl-6,14-endo-ethenomorphine",エトルフィン,,,,,,,https://laws.e-gov.go.jp/law/402CO0000000238/,,
,麻薬,一―(一・二―ジフェニルエチル)ピペリジン及びその塩類,"1-(1,2-diphenylethyl)piperidine",,,,,,,,https://laws.e-gov.go.jp/law/402CO0000000238/,,
,麻薬,四・四―ジフェニル―六―ピペリジノ―三―ヘキサノン(別名ノルピパノン)及びその塩類,"4,4-diphenyl-6-piperidino-3-hexanone",ノルピパノン,,,,,,,https://laws.e-gov.go.jp/law/402CO0000000238/,,
,麻薬,三―〔二―(ジメチルアミノ)エチル〕インドール(別名DMT)及びその塩類,3-[2-(dimethylamino)ethyl]indole,DMT,,,,,,,https://laws.e-gov.go.jp/law/402CO0000000238/,,
,麻薬,三―〔(二―ジメチルアミノ)エチル〕―インドール―四―イルリン酸エステル(別名サイロシビン)及びその塩類,3-[(2-dimethylamino)ethyl]-indole-4-ylphosphateester,psilocybin,,,,,,,https://laws.e-gov.go.jp/law/402CO0000000238/,,
,麻薬,三―〔二―(ジメチルアミノ)エチル〕―インドール―四―オール(別名サイロシン)及びその塩類,3-[2-(dimethylamino)ethyl]-indole-4-ol,psilocin,,,,,,,https://laws.e-gov.go.jp/law/402CO0000000238/,,
,麻薬,三―[(一R・二R)―三―(ジメチルアミノ)―一―エチル―二―メチルプロピル]フェノール(別名タペンタドール)及びその塩類,"3-[(1R,2R)-3-(dimethylamino)-1-ethyl-2-methylpropyl]phenol",tapentadol,,,,,,,https://laws.e-gov.go.jp/law/402CO0000000238/,,
,麻薬,二―ジメチルアミノ―一―(三・四―メチレンジオキシフェニル)ペンタン―一―オン及びその塩類,"2-dimethylamino-1-(3,4-methylenedioxyphenyl)pentane-1-one",,,,,,,,https://laws.e-gov.go.jp/law/402CO0000000238/,,
,麻薬,三―(一・二―ジメチルヘプチル)―七・八・九・十―テトラヒドロ―六・六・九―トリメチル―六H―ジベンゾ〔b・d〕ピラン―一―オール(別名DMHP)及びその塩類,"3-(1,2-dimethylheptyl)-7,8,9,10-tetrahydro-6,6,9-trimethyl-6H-dibenzo[b,d]pyran-1-ol",DMHP,,,,,,,https://laws.e-gov.go.jp/law/402CO0000000238/,,
,麻薬,N・α―ジメチル―三・四―(メチレンジオキシ)フェネチルアミン(別名MDMA)及びその塩類,"N,α-dimethyl-3,4-(methylenedioxy)phenethylamine",MDMA,,,,,,,https://laws.e-gov.go.jp/law/402CO0000000238/,,
,麻薬,二―(二・五―ジメトキシ―四―イソプロピルスルファニルフェニル)エタンアミン及びその塩類,"2-(2,5-dimethoxy-4-isopropylsulfanylphenyl)ethanamine",,,,,,,,https://laws.e-gov.go.jp/law/402CO0000000238/,,
,麻薬,二・五―ジメトキシ―四・α―ジメチルフェネチルアミン(別名DOM)及びその塩類,"2,5-dimethoxy-4,α-dimethylphenethylamine",DOM,,,,,,,https://laws.e-gov.go.jp/law/402CO0000000238/,,
,麻薬,二・五―ジメトキシ―四―(プロピルチオ)フェネチルアミン及びその塩類,"2,5-dimethoxy-4-(propylthio)phenethylamine",,,,,,,,https://laws.e-gov.go.jp/law/402CO0000000238/,,
,麻薬,二・五―ジメトキシ―α―メチルフェネチルアミン(別名DMA)及びその塩類,"2,5-dimethoxy-α-methylphenethylamine",DMA,,,,,,,https://laws.e-gov.go.jp/law/402CO0000000238/,,
,麻薬,三・四―ジメトキシ―十七―メチルモルヒナン―六β・十四―ジオール(別名ドロテバノール)及びその塩類,"3,4-dimethoxy-17-methylmorphinan-6β,14-diol",ドロテバノール,,,,,,,https://laws.e-gov.go.jp/law/402CO0000000238/,,
,麻薬,N―〔一―〔二―(二―チエニル)エチル〕―四―ピペリジル〕プロピオンアニリド(別名チオフェンタニル)及びその塩類,N-[1-[2-(2-thienyl)ethyl]-4-piperidyl]propionanilide,チオフェンタニル,,,,,,,https://laws.e-gov.go.jp/law/402CO0000000238/,,
,麻薬,一―〔一―(二―チエニル)シクロヘキシル〕ピペリジン(別名テノシクリジン)及びその塩類,1-[1-(2-thienyl)cyclohexyl]piperidine,テノシクリジン,,,,,,,https://laws.e-gov.go.jp/law/402CO0000000238/,,
,麻薬,六a・七・八・十a―テトラヒドロ―六・六・九―トリメチル―三―ペンチル―六H―ジベンゾ[b・d]ピラン―一―イル=アセテート及びその塩類,"6a,7,8,10a-tetrahydro-6,6,9-trimethyl-3-pentyl-6H-dibenzo[b,d]pyran-1-yl=acetate",,,,,,,,https://laws.e-gov.go.jp/law/402CO0000000238/,,
,麻薬,六a・七・十・十a―テトラヒドロ―六・六・九―トリメチル―三―ペンチル―六H―ジベンゾ[b・d]ピラン―一―イル=アセテート及びその塩類,"6a,7,10,10a-tetrahydro-6,6,9-trimethyl-3-pentyl-6H-dibenzo[b,d]pyran-1-yl=acetate",,,,,,,,https://laws.e-gov.go.jp/law/402CO0000000238/,,
,麻薬,六a・七・八・十a―テトラヒドロ―六・六・九―トリメチル―三―ペンチル―六H―ジベンゾ[b・d]ピラン―一―イル=プロピオネート及びその塩類,"6a,7,8,10a-tetrahydro-6,6,9-trimethyl-3-pentyl-6H-dibenzo[b,d]pyran-1-yl=propionate",,,,,,,,https://laws.e-gov.go.jp/law/402CO0000000238/,,
,麻薬,六a・七・十・十a―テトラヒドロ―六・六・九―トリメチル―三―ペンチル―六H―ジベンゾ[b・d]ピラン―一―イル=プロピオネート及びその塩類,"6a,7,10,10a-tetrahydro-6,6,9-trimethyl-3-pentyl-6H-dibenzo[b,d]pyran-1-yl=propionate",,,,,,,,https://laws.e-gov.go.jp/law/402CO0000000238/,,
,麻薬,六a・七・八・九―テトラヒドロ―六・六・九―トリメチル―三―ペンチル―六H―ジベンゾ〔b・d〕ピラン―一―オール(別名デルタ十テトラヒドロカンナビノール)及びその塩類,"6a,7,8,9-tetrahydro-6,6,9-trimethyl-3-pentyl-6H-dibenzo[b,d]pyran-1-ol",デルタ十テトラヒドロカンナビノール,,,,,,,https://laws.e-gov.go.jp/law/402CO0000000238/,,
,麻薬,六a・九・十・十a―テトラヒドロ―六・六・九―トリメチル―三―ペンチル―六H―ジベンゾ〔b・d〕ピラン―一―オール(別名デルタ七テトラヒドロカンナビノール)及びその塩類,"6a,9,10,10a-tetrahydro-6,6,9-trimethyl-3-pentyl-6H-dibenzo[b,d]pyran-1-ol",デルタ七テトラヒドロカンナビノール,,,,,,,https://laws.e-gov.go.jp/law/402CO0000000238/,,
,麻薬,七・八・九・十―テトラヒドロ―六・六・九―トリメチル―三―ペンチル―六H―ジベンゾ〔b・d〕ピラン―一―オール(別名デルタ六a(十a)テトラヒドロカンナビノール)及びその塩類,"7,8,9,10-tetrahydro-6,6,9-trimethyl-3-pentyl-6H-dibenzo[b,d]pyran-1-ol",デルタ六a(十a,,,,,,,https://laws.e-gov.go.jp/law/402CO0000000238/,,
,麻薬,八・九・十・十a―テトラヒドロ―六・六・九―トリメチル―三―ペンチル―六H―ジベンゾ〔b・d〕ピラン―一―オール(別名デルタ六a(七)テトラヒドロカンナビノール)及びその塩類,"8,9,10,10a-tetrahydro-6,6,9-trimethyl-3-pentyl-6H-dibenzo[b,d]pyran-1-ol",デルタ六a(七,,,,,,,https://laws.e-gov.go.jp/law/402CO0000000238/,,
,麻薬,トランス―二―ジメチルアミノ―一―フェニル―三―シクロヘキセン―一―カルボン酸エチルエステル(別名チリジン)及びその塩類,trans-2-dimethylamino-1-phenyl-3-cyclohexene-1-carboxylic acid ethyl ester,チリジン,,,,,,,https://laws.e-gov.go.jp/law/402CO0000000238/,,
,麻薬,一―(三―トリフルオロメチルフェニル)ピペラジン及びその塩類,1-(3-trifluoromethylphenyl)piperazine,,,,,,,,https://laws.e-gov.go.jp/law/402CO0000000238/,,
,麻薬,三・四・五―トリメトキシフェネチルアミン(別名メスカリン)及びその塩類,"3,4,5-trimethoxyphenethylamine",mescaline,,,,,,,https://laws.e-gov.go.jp/law/402CO0000000238/,,
,麻薬,二・四・五―トリメトキシ―α―メチルフェネチルアミン及びその塩類,"2,4,5-trimethoxy-α-methylphenethylamine",,,,,,,,https://laws.e-gov.go.jp/law/402CO0000000238/,,
,麻薬,三・四・五―トリメトキシ―α―メチルフェネチルアミン(別名TMA)及びその塩類,"3,4,5-trimethoxy-α-methylphenethylamine",TMA,,,,,,,https://laws.e-gov.go.jp/law/402CO0000000238/,,
,麻薬,一―ナフタレニル(一―ペンチル―一H―インドール―三―イル)メタノン及びその塩類,1-naphthalenyl(1-pentyl-1H-indole-3-yl)methanone,,,,,,,,https://laws.e-gov.go.jp/law/402CO0000000238/,,
,麻薬,五―ニトロ―二―(四―プロポキシベンジル)―一―[二―(ピロリジン―一―イル)エチル]ベンズイミダゾール及びその塩類,5-nitro-2-(4-propoxybenzyl)-1-[2-(pyrrolidine-1-yl)ethyl]benzimidazole,,,,,,,,https://laws.e-gov.go.jp/law/402CO0000000238/,,
,麻薬,N―〔一―(β―ヒドロキシフェネチル)―四―ピペリジル〕プロピオンアニリド(別名ベータヒドロキシフェンタニル)及びその塩類,N-[1-(β-hydroxyphenethyl)-4-piperidyl]propionanilide,ベータヒドロキシフェンタニル,,,,,,,https://laws.e-gov.go.jp/law/402CO0000000238/,,
,麻薬,N―〔一―(β―ヒドロキシフェネチル)―三―メチル―四―ピペリジル〕プロピオンアニリド(別名ベータヒドロキシ―三―メチルフェンタニル)及びその塩類,N-[1-(β-hydroxyphenethyl)-3-methyl-4-piperidyl]propionanilide,ベータヒドロキシ―三―メチルフェンタニル,,,,,,,https://laws.e-gov.go.jp/law/402CO0000000238/,,
,麻薬,(一RS・三SR)―三―[二―ヒドロキシ―四―(二―メチルノナン―二―イル)フェニル]シクロヘキサン―一―オール及びその塩類,"(1RS,3SR)-3-[2-hydroxy-4-(2-methylnonan-2-yl)phenyl]cyclohexane-1-ol",,,,,,,,https://laws.e-gov.go.jp/law/402CO0000000238/,,
,麻薬,四―ヒドロキシ酪酸(別名GHB)及びその塩類,4-hydroxybutanoic acid,GHB,,,,,,,https://laws.e-gov.go.jp/law/402CO0000000238/,,
,麻薬,一―(一―フェニルシクロヘキシル)ピペリジン(別名フェンシクリジン)及びその塩類,1-(1-phenylcyclohexyl)piperidine,phencyclidine (PCP),,,,,,,https://laws.e-gov.go.jp/law/402CO0000000238/,,
,麻薬,一―(一―フェニルシクロヘキシル)ピロリジン(別名ロリシクリジン)及びその塩類,1-(1-phenylcyclohexyl)pyrrolidine,rolicyclidine,,,,,,,https://laws.e-gov.go.jp/law/402CO0000000238/,,
,麻薬,二―フェニル―二―(ピペリジン―二―イル)酢酸エチルエステル及びその塩類,2-phenyl-2-(piperidine-2-yl)acetic acid ethyl ester,,,,,,,,https://laws.e-gov.go.jp/law/402CO0000000238/,,
,麻薬,一―フェニル―二―(ピロリジン―一―イル)ヘキサン―一―オン及びその塩類,1-phenyl-2-(pyrrolidine-1-yl)hexane-1-one,,,,,,,,https://laws.e-gov.go.jp/law/402CO0000000238/,,
,麻薬,一―フェニル―二―(ピロリジン―一―イル)ペンタン―一―オン及びその塩類,1-phenyl-2-(pyrrolidine-1-yl)pentane-1-one,,,,,,,,https://laws.e-gov.go.jp/law/402CO0000000238/,,
,麻薬,N―(一―フェネチル―四―ピペリジル)プロピオンアニリド(別名フェンタニル)及びその塩類,N-(1-phenethyl-4-piperidyl)propionanilide,fentanyl,,,,,,,https://laws.e-gov.go.jp/law/402CO0000000238/,,
,麻薬,N―(一―フェネチルピペリジン―四―イル)―N―フェニルアクリルアミド及びその塩類,N-(1-phenethylpiperidine-4-yl)-N-phenylacrylamide,,,,,,,,https://laws.e-gov.go.jp/law/402CO0000000238/,,
,麻薬,N―(一―フェネチルピペリジン―四―イル)―N―フェニルアセトアミド及びその塩類,N-(1-phenethylpiperidine-4-yl)-N-phenylacetamide,,,,,,,,https://laws.e-gov.go.jp/law/402CO0000000238/,,
,麻薬,N―(一―フェネチルピペリジン―四―イル)―N―フェニルシクロプロパンカルボキサミド及びその塩類,N-(1-phenethylpiperidine-4-yl)-N-phenylcyclopropanecarboxamide,,,,,,,,https://laws.e-gov.go.jp/law/402CO0000000238/,,
,麻薬,N―(一―フェネチルピペリジン―四―イル)―N―フェニルテトラヒドロフラン―二―カルボキサミド及びその塩類,N-(1-phenethylpiperidine-4-yl)-N-phenyltetrahydrofuran-2-carboxamide,,,,,,,,https://laws.e-gov.go.jp/law/402CO0000000238/,,
,麻薬,(E)―N―(一―フェネチルピペリジン―四―イル)―N―フェニルブタ―二―エナミド(別名クロトニルフェンタニル)及びその塩類,(E)-N-(1-phenethylpiperidine-4-yl)-N-phenylbut-2-enamide,crotonylfentanyl,,,,,,,https://laws.e-gov.go.jp/law/402CO0000000238/,,
,麻薬,N―(一―フェネチルピペリジン―四―イル)―N―フェニルブタンアミド及びその塩類,N-(1-phenethylpiperidine-4-yl)-N-phenylbutaneamide,,,,,,,,https://laws.e-gov.go.jp/law/402CO0000000238/,,
,麻薬,N―(一―フェネチルピペリジン―四―イル)―N―フェニルフラン―二―カルボキサミド及びその塩類,N-(1-phenethylpiperidine-4-yl)-N-phenylfuran-2-carboxamide,,,,,,,,https://laws.e-gov.go.jp/law/402CO0000000238/,,
,麻薬,N―(一―フェネチルピペリジン―四―イル)―N―フェニルペンタンアミド(別名バレリルフェンタニル)及びその塩類,N-(1-phenethylpiperidine-4-yl)-N-phenylpentaneamide,valerylfentanyl,,,,,,,https://laws.e-gov.go.jp/law/402CO0000000238/,,
,麻薬,一―フェネチル―四―フェニル―四―ピペリジノール酢酸エステル(別名PEPAP)及びその塩類,1-phenethyl-4-phenyl-4-piperidinolacetate,PEPAP,,,,,,,https://laws.e-gov.go.jp/law/402CO0000000238/,,
,麻薬,(一―ブチル―一H―インドール―三―イル)(ナフタレン―一―イル)メタノン及びその塩類,(1-butyl-1H-indole-3-yl)(naphthalene-1-yl)methanone,,,,,,,,https://laws.e-gov.go.jp/law/402CO0000000238/,,
,麻薬,二―(四―ブトキシベンジル)―一―(二―ジエチルアミノ)エチル―五―ニトロベンズイミダゾール及びその塩類,2-(4-butoxybenzyl)-1-(2-diethylamino)ethyl-5-nitrobenzimidazole,,,,,,,,https://laws.e-gov.go.jp/law/402CO0000000238/,,
,麻薬,N―(四―フルオロフェニル)―N―(一―フェネチルピペリジン―四―イル)ブタンアミド及びその塩類,N-(4-fluorophenyl)-N-(1-phenethylpiperidine-4-yl)butaneamide,,,,,,,,https://laws.e-gov.go.jp/law/402CO0000000238/,,
,麻薬,N―(二―フルオロフェニル)―N―(一―フェネチルピペリジン―四―イル)プロパンアミド及びその塩類,N-(2-fluorophenyl)-N-(1-phenethylpiperidine-4-yl)propaneamide,,,,,,,,https://laws.e-gov.go.jp/law/402CO0000000238/,,
,麻薬,一―(四―フルオロフェニル)プロパン―二―アミン及びその塩類,1-(4-fluorophenyl)propane-2-amine,,,,,,,,https://laws.e-gov.go.jp/law/402CO0000000238/,,
,麻薬,二―(二―フルオロフェニル)―二―(メチルアミノ)シクロヘキサノン及びその塩類,2-(2-fluorophenyl)-2-(methylamino)cyclohexanone,,,,,,,,https://laws.e-gov.go.jp/law/402CO0000000238/,,
,麻薬,N―(四―フルオロフェニル)―二―メチル―N―(一―フェネチルピペリジン―四―イル)プロパンアミド及びその塩類,N-(4-fluorophenyl)-2-methyl-N-(1-phenethylpiperidine-4-yl)propaneamide,,,,,,,,https://laws.e-gov.go.jp/law/402CO0000000238/,,
,麻薬,N―(二―フルオロフェニル)―二―メトキシ―N―(一―フェネチルピペリジン―四―イル)アセトアミド及びその塩類,N-(2-fluorophenyl)-2-methoxy-N-(1-phenethylpiperidine-4-yl)acetamide,,,,,,,,https://laws.e-gov.go.jp/law/402CO0000000238/,,
,麻薬,四―フルオロ―N―(一―フェネチル―四―ピペリジル)プロピオンアニリド(別名パラフルオロフェンタニル)及びその塩類,4-fluoro-N-(1-phenethyl-4-piperidyl)propionanilide,パラフルオロフェンタニル,,,,,,,https://laws.e-gov.go.jp/law/402CO0000000238/,,
,麻薬,[一―(五―フルオロペンチル)―一H―インドール―三―イル](二・二・三・三―テトラメチルシクロプロパン―一―イル)メタノン及びその塩類,"[1-(5-fluoropentyl)-1H-indole-3-yl](2,2,3,3-tetramethylcyclopropane-1-yl)methanone",,,,,,,,https://laws.e-gov.go.jp/law/402CO0000000238/,,
,麻薬,[一―(五―フルオロペンチル)―一H―インドール―三―イル](ナフタレン―一―イル)メタノン及びその塩類,[1-(5-fluoropentyl)-1H-indole-3-yl](naphthalene-1-yl)methanone,,,,,,,,https://laws.e-gov.go.jp/law/402CO0000000238/,,
,麻薬,[一―(五―フルオロペンチル)―一H―インドール―三―イル](四―メチルナフタレン―一―イル)メタノン及びその塩類,[1-(5-fluoropentyl)-1H-indole-3-yl](4-methylnaphthalene-1-yl)methanone,,,,,,,,https://laws.e-gov.go.jp/law/402CO0000000238/,,
,麻薬,二―(四―ブロモ―二・五―ジメトキシフェニル)―N―(二―メトキシベンジル)エタンアミン及びその塩類,"2-(4-bromo-2,5-dimethoxyphenyl)-N-(2-methoxybenzyl)ethanamine",,,,,,,,https://laws.e-gov.go.jp/law/402CO0000000238/,,
,麻薬,四―ブロモ―二・五―ジメトキシフェネチルアミン及びその塩類,"4-bromo-2,5-dimethoxyphenethylamine",,,,,,,,https://laws.e-gov.go.jp/law/402CO0000000238/,,
,麻薬,四―ブロモ―二・五―ジメトキシ―α―メチルフェネチルアミン(別名ブロランフェタミン)及びその塩類,"4-bromo-2,5-dimethoxy-α-methylphenethylamine",ブロランフェタミン,,,,,,,https://laws.e-gov.go.jp/law/402CO0000000238/,,
,麻薬,一―{一―[一―(四―ブロモフェニル)エチル]ピペリジン―四―イル}―一・三―ジヒドロ―二H―ベンゾ[d]イミダゾール―二―オン及びその塩類,"1-{1-[1-(4-bromophenyl)ethyl]piperidine-4-yl}-1,3-dihydro-2H-benzo[d]imidazole-2-one",,,,,,,,https://laws.e-gov.go.jp/law/402CO0000000238/,,
,麻薬,六a・七・八・九・十・十a―ヘキサヒドロ―六・六―ジメチル―九―メチレン―三―ペンチル―六H―ジベンゾ〔b・d〕ピラン―一―オール(別名デルタ九(十一)テトラヒドロカンナビノール)及びその塩類,"6a,7,8,9,10,10a-hexahydro-6,6-dimethyl-9-methylene-3-pentyl-6H-dibenzo[b,d]pyran-1-ol",デルタ九(十一,,,,,,,https://laws.e-gov.go.jp/law/402CO0000000238/,,
,麻薬,六a・七・八・九・十・十a―ヘキサヒドロ―六・六・九―トリメチル―三―ペンチル―六H―ジベンゾ[b・d]ピラン―一―オール及びその塩類,"6a,7,8,9,10,10a-hexahydro-6,6,9-trimethyl-3-pentyl-6H-dibenzo[b,d]pyran-1-ol",,,,,,,,https://laws.e-gov.go.jp/law/402CO0000000238/,,
,麻薬,三―ヘキシル―七・八・九・十―テトラヒドロ―六・六・九―トリメチル―六H―ジベンゾ〔b・d〕ピラン―一―オール(別名パラヘキシル)及びその塩類,"3-hexyl-7,8,9,10-tetrahydro-6,6,9-trimethyl-6H-dibenzo[b,d]pyran-1-ol",パラヘキシル,,,,,,,https://laws.e-gov.go.jp/law/402CO0000000238/,,
,麻薬,一―ベンジルピペラジン及びその塩類,1-benzylpiperazine,,,,,,,,https://laws.e-gov.go.jp/law/402CO0000000238/,,
,麻薬,(一―ペンチル―一H―インドール―三―イル)(二・二・三・三―テトラメチルシクロプロパン―一―イル)メタノン及びその塩類,"(1-pentyl-1H-indole-3-yl)(2,2,3,3-tetramethylcyclopropane-1-yl)methanone",,,,,,,,https://laws.e-gov.go.jp/law/402CO0000000238/,,
,麻薬,五―ペンチル―二―(二―フェニルプロパン―二―イル)―二・五―ジヒドロ―一H―ピリド[四・三―b]インドール―一―オン及びその塩類,"5-pentyl-2-(2-phenylpropane-2-yl)-2,5-dihydro-1H-pyrido[4,3-b]indole-1-one",,,,,,,,https://laws.e-gov.go.jp/law/402CO0000000238/,,
,麻薬,二―(メチルアミノ)―一―フェニルプロパン―一―オン(別名メトカチノン)及びその塩類,2-(methylamino)-1-phenylpropane-1-one,メトカチノン,,,,,,,https://laws.e-gov.go.jp/law/402CO0000000238/,,
,麻薬,二―(メチルアミノ)―一―フェニルペンタン―一―オン及びその塩類,2-(methylamino)-1-phenylpentane-1-one,,,,,,,,https://laws.e-gov.go.jp/law/402CO0000000238/,,
,麻薬,二―(メチルアミノ)―一―(三―メチルフェニル)プロパン―一―オン及びその塩類,2-(methylamino)-1-(3-methylphenyl)propane-1-one,,,,,,,,https://laws.e-gov.go.jp/law/402CO0000000238/,,
,麻薬,二―(メチルアミノ)―一―(四―メチルフェニル)プロパン―一―オン及びその塩類,2-(methylamino)-1-(4-methylphenyl)propane-1-one,,,,,,,,https://laws.e-gov.go.jp/law/402CO0000000238/,,
,麻薬,二―メチルアミノ―一―(三・四―メチレンジオキシフェニル)プロパン―一―オン及びその塩類,"2-methylamino-1-(3,4-methylenedioxyphenyl)propane-1-one",,,,,,,,https://laws.e-gov.go.jp/law/402CO0000000238/,,
,麻薬,N―メチル―α―エチル―三・四―(メチレンジオキシ)フェネチルアミン(別名MBDB)及びその塩類,"N-methyl-α-ethyl-3,4-(methylenedioxy)phenethylamine",MBDB,,,,,,,https://laws.e-gov.go.jp/law/402CO0000000238/,,
,麻薬,メチル=二―[一―(シクロヘキシルメチル)―一H―インドール―三―カルボキサミド]―三・三―ジメチルブタノアート及びその塩類,"methyl=2-[1-(cyclohexylmethyl)-1H-indole-3-carboxamide]-3,3-dimethylbutanoate",,,,,,,,https://laws.e-gov.go.jp/law/402CO0000000238/,,
,麻薬,メチル=三・三―ジメチル―二―[一―(ペンタ―四―エン―一―イル)―一H―インダゾール―三―カルボキサミド]ブタノアート及びその塩類,"methyl=3,3-dimethyl-2-[1-(pent-4-en-1-yl)-1H-indazole-3-carboxamide]butanoate",,,,,,,,https://laws.e-gov.go.jp/law/402CO0000000238/,,
,麻薬,N―〔一―〔一―メチル―二―(二―チエニル)エチル〕―四―ピペリジル〕プロピオンアニリド(別名アルファメチルチオフェンタニル)及びその塩類,N-[1-[1-methyl-2-(2-thienyl)ethyl]-4-piperidyl]propionanilide,アルファメチルチオフェンタニル,,,,,,,https://laws.e-gov.go.jp/law/402CO0000000238/,,
,麻薬,N―〔三―メチル―一―〔二―(二―チエニル)エチル〕―四―ピペリジル〕プロピオンアニリド(別名三―メチルチオフェンタニル)及びその塩類,N-[3-methyl-1-[2-(2-thienyl)ethyl]-4-piperidyl]propionanilide,三―メチルチオフェンタニル,,,,,,,https://laws.e-gov.go.jp/law/402CO0000000238/,,
,麻薬,N―メチル―一―(チオフェン―二―イル)プロパン―二―アミン及びその塩類,N-methyl-1-(thiophen-2-yl)propane-2-amine,,,,,,,,https://laws.e-gov.go.jp/law/402CO0000000238/,,
,麻薬,(四―メチルナフタレン―一―イル)(一―ペンチル―一H―インドール―三―イル)メタノン及びその塩類,(4-methylnaphthalene-1-yl)(1-pentyl-1H-indole-3-yl)methanone,,,,,,,,https://laws.e-gov.go.jp/law/402CO0000000238/,,
,麻薬,N―〔一―メチル―二―(ピペリジノエチル)〕―N―二―ピリジルプロピオンアミド(別名プロピラム)及びその塩類,N-[1-methyl-2-(piperidinoethyl)]-N-2-pyridylpropionamide,プロピラム,,,,,,,https://laws.e-gov.go.jp/law/402CO0000000238/,,
,麻薬,一―メチル―四―フェニル―四―ピペリジノールプロピオン酸エステル(別名MPPP)及びその塩類,1-methyl-4-phenyl-4-piperidinolpropionate,MPPP,,,,,,,https://laws.e-gov.go.jp/law/402CO0000000238/,,
,麻薬,一―メチル―四―フェニルピペリジン―四―カルボン酸(別名ペチジン中間体C)及びその塩類,1-methyl-4-phenylpiperidine-4-carboxylic acid,ペチジン中間体C,,,,,,,https://laws.e-gov.go.jp/law/402CO0000000238/,,
,麻薬,四―メチル―一―フェニル―二―(ピロリジン―一―イル)ペンタン―一―オン及びその塩類,4-methyl-1-phenyl-2-(pyrrolidine-1-yl)pentane-1-one,,,,,,,,https://laws.e-gov.go.jp/law/402CO0000000238/,,
,麻薬,一―[二―メチル―四―(三―フェニルプロパ―二―エン―一―イル)ピペラジン―一―イル]ブタン―一―オン及びその塩類,1-[2-methyl-4-(3-phenylprop-2-en-1-yl)piperazine-1-yl]butane-1-one,,,,,,,,https://laws.e-gov.go.jp/law/402CO0000000238/,,
,麻薬,N―〔一―(α―メチルフェネチル)―四―ピペリジル〕アセトアニリド(別名アセチル―アルファ―メチルフェンタニル)及びその塩類,N-[1-(α-methylphenethyl)-4-piperidyl]acetanilide,アセチル―アルファ―メチルフェンタニル,,,,,,,https://laws.e-gov.go.jp/law/402CO0000000238/,,
,麻薬,N―〔一―(α―メチルフェネチル)―四―ピペリジル〕プロピオンアニリド(別名アルファ―メチルフェンタニル)及びその塩類,N-[1-(α-methylphenethyl)-4-piperidyl]propionanilide,アルファ―メチルフェンタニル,,,,,,,https://laws.e-gov.go.jp/law/402CO0000000238/,,
,麻薬,N―(三―メチル―一―フェネチル―四―ピペリジル)プロピオンアニリド(別名三―メチルフェンタニル)及びその塩類,N-(3-methyl-1-phenethyl-4-piperidyl)propionanilide,三―メチルフェンタニル,,,,,,,https://laws.e-gov.go.jp/law/402CO0000000238/,,
,麻薬,メチル=一―フェネチル―四―(N―フェニルプロパンアミド)ピペリジン―四―カルボキシラート及びその塩類,methyl=1-phenethyl-4-(N-phenylpropaneamide)piperidine-4-carboxylate,,,,,,,,https://laws.e-gov.go.jp/law/402CO0000000238/,,
,麻薬,メチル=二―[一―(四―フルオロブチル)―一H―インダゾール―三―カルボキサミド]―三・三―ジメチルブタノアート及びその塩類,"methyl=2-[1-(4-fluorobutyl)-1H-indazole-3-carboxamide]-3,3-dimethylbutanoate",,,,,,,,https://laws.e-gov.go.jp/law/402CO0000000238/,,
,麻薬,メチル=二―[一―(四―フルオロベンジル)―一H―インダゾール―三―カルボキサミド]―三―メチルブタノアート及びその塩類,methyl=2-[1-(4-fluorobenzyl)-1H-indazole-3-carboxamide]-3-methylbutanoate,,,,,,,,https://laws.e-gov.go.jp/law/402CO0000000238/,,
,麻薬,メチル=二―[一―(五―フルオロペンチル)―一H―インダゾール―三―カルボキサミド]―三・三―ジメチルブタノアート及びその塩類,"methyl=2-[1-(5-fluoropentyl)-1H-indazole-3-carboxamide]-3,3-dimethylbutanoate",,,,,,,,https://laws.e-gov.go.jp/law/402CO0000000238/,,
,麻薬,メチル=二―[一―(五―フルオロペンチル)―一H―インダゾール―三―カルボキサミド]―三―メチルブタノアート及びその塩類,methyl=2-[1-(5-fluoropentyl)-1H-indazole-3-carboxamide]-3-methylbutanoate,,,,,,,,https://laws.e-gov.go.jp/law/402CO0000000238/,,
,麻薬,メチル=二―[一―(五―フルオロペンチル)―一H―インドール―三―カルボキサミド]―三・三―ジメチルブタノアート及びその塩類,"methyl=2-[1-(5-fluoropentyl)-1H-indole-3-carboxamide]-3,3-dimethylbutanoate",,,,,,,,https://laws.e-gov.go.jp/law/402CO0000000238/,,
,麻薬,α―メチル―四―メチルチオフェネチルアミン(別名四―MTA)及びその塩類,α-methyl-4-methylthiophenethylamine,四―MTA,,,,,,,https://laws.e-gov.go.jp/law/402CO0000000238/,,
,麻薬,四―メチル―五―(四―メチルフェニル)―四・五―ジヒドロオキサゾール―二―アミン及びその塩類,"4-methyl-5-(4-methylphenyl)-4,5-dihydrooxazole-2-amine",,,,,,,,https://laws.e-gov.go.jp/law/402CO0000000238/,,
,麻薬,N―メチル―N―(一―(三・四―メチレンジオキシフェニル)プロパン―二―イル)ヒドロキシルアミン及びその塩類,"N-methyl-N-(1-(3,4-methylenedioxyphenyl)propane-2-yl)hydroxylamine",,,,,,,,https://laws.e-gov.go.jp/law/402CO0000000238/,,
,麻薬,α―メチル―三・四―(メチレンジオキシ)フェネチルアミン(別名MDA)及びその塩類,"α-methyl-3,4-(methylenedioxy)phenethylamine",MDA,,,,,,,https://laws.e-gov.go.jp/law/402CO0000000238/,,
,麻薬,N―〔α―メチル―三・四―(メチレンジオキシ)フェネチル〕ヒドロキシルアミン(別名N―ヒドロキシMDA)及びその塩類,"N-[α-methyl-3,4-(methylenedioxy)phenethyl]hydroxylamine",N―ヒドロキシMDA,,,,,,,https://laws.e-gov.go.jp/law/402CO0000000238/,,
,麻薬,一―(三・四―メチレンジオキシフェニル)―二―(ピロリジン―一―イル)ペンタン―一―オン及びその塩類,"1-(3,4-methylenedioxyphenyl)-2-(pyrrolidine-1-yl)pentane-1-one",,,,,,,,https://laws.e-gov.go.jp/law/402CO0000000238/,,
,麻薬,一―(二―メトキシカルボニルエチル)―四―(フェニルプロピオニルアミノ)ピペリジン―四―カルボン酸メチルエステル(別名レミフェンタニル)及びその塩類,1-(2-methoxycarbonylethyl)-4-(phenylpropionylamino)piperidine-4-carboxylic acid methyl ester,remifentanil,,,,,,,https://laws.e-gov.go.jp/law/402CO0000000238/,,
,麻薬,一―[一―(三―メトキシフェニル)シクロヘキシル]ピペリジン及びその塩類,1-[1-(3-methoxyphenyl)cyclohexyl]piperidine,,,,,,,,https://laws.e-gov.go.jp/law/402CO0000000238/,,
,麻薬,一―(四―メトキシフェニル)―N―メチルプロパン―二―アミン及びその塩類,1-(4-methoxyphenyl)-N-methylpropane-2-amine,,,,,,,,https://laws.e-gov.go.jp/law/402CO0000000238/,,
,麻薬,二―メトキシ―N―(一―フェネチルピペリジン―四―イル)―N―フェニルアセトアミド及びその塩類,2-methoxy-N-(1-phenethylpiperidine-4-yl)-N-phenylacetamide,,,,,,,,https://laws.e-gov.go.jp/law/402CO0000000238/,,
,麻薬,二―(四―メトキシベンジル)―五―ニトロ―一―[二―(ピロリジン―一―イル)エチル]ベンズイミダゾール及びその塩類,2-(4-methoxybenzyl)-5-nitro-1-[2-(pyrrolidine-1-yl)ethyl]benzimidazole,,,,,,,,https://laws.e-gov.go.jp/law/402CO0000000238/,,
,麻薬,N―〔四―(メトキシメチル)―一―〔二―(二―チエニル)エチル〕―四―ピペリジル〕プロピオンアニリド(別名スフェンタニル)及びその塩類,N-[4-(methoxymethyl)-1-[2-(2-thienyl)ethyl]-4-piperidyl]propionanilide,スフェンタニル,,,,,,,https://laws.e-gov.go.jp/law/402CO0000000238/,,
,麻薬,四―メトキシ―α―メチルフェネチルアミン(別名PMA)及びその塩類,4-methoxy-α-methylphenethylamine,PMA,,,,,,,https://laws.e-gov.go.jp/law/402CO0000000238/,,
,麻薬,三―メトキシ―α―メチル―四・五―(メチレンジオキシ)フェネチルアミン(別名MMDA)及びその塩類,"3-methoxy-α-methyl-4,5-(methylenedioxy)phenethylamine",MMDA,,,,,,,https://laws.e-gov.go.jp/law/402CO0000000238/,,
,麻薬,二―(四―ヨード―二・五―ジメトキシフェニル)エタンアミン及びその塩類,"2-(4-iodo-2,5-dimethoxyphenyl)ethanamine",,,,,,,,https://laws.e-gov.go.jp/law/402CO0000000238/,,
,麻薬,二―(四―ヨード―二・五―ジメトキシフェニル)―N―(二―メトキシベンジル)エタンアミン及びその塩類,"2-(4-iodo-2,5-dimethoxyphenyl)-N-(2-methoxybenzyl)ethanamine",,,,,,,,https://laws.e-gov.go.jp/law/402CO0000000238/,,
,麻薬,リゼルギン酸ジエチルアミド(別名リゼルギド)及びその塩類,lysergic acid diethylamide,lysergide (LSD),,,,,,,https://laws.e-gov.go.jp/law/402CO0000000238/,,